graph_type,is_directed_int,has_spatial_attributes,has_temporal_attributes,is_bipartite,n_components,avg_betweenness_centrality,avg_closeness_centrality,avg_eigenvector_centrality,avg_degree,std_degree,clustering_coefficient,transitivity,modularity,communities,avg_shortest_path_length,radius,diameter,assortativity,vertex_connectivity,eccentricity_avg,n_nodes,node_types,node_attributes,number_of_isolates,density,edge_types,edge_attributes,n_parallel_edges,n_self_loops
4,0,0,0,0,1,0.06944444444444445,0.6511691984486102,0.3073932648000838,4.4,1.1737877907772674,0.5166666666666667,0.48148148148148145,0.21074380165289253,2,1.5555555555555556,2,3,-0.12522045855379083,3,2.3,10,0,0.0,0,0.4888888888888889,0,0.0,0,0
4,0,0,0,0,1,0.002243370664423296,0.8552877477454937,0.11310336665610166,63.87179487179487,3.038108495446341,0.8288444666098135,0.8288324446228236,-0.00025269613724633366,2,1.1704961704961705,2,2,-0.011994352788827456,55,2.0,78,0,0.0,0,0.8295038295038295,0,0.0,0,0
4,0,0,0,0,1,0.00326222127963136,0.6794149200015765,0.08223080942854893,76.93877551020408,6.086392288794304,0.5270465724406695,0.5269150132596532,-5.259697567392257e-05,2,1.4730220855465475,2,2,-0.02313227614903512,58,2.0,147,0,0.0,0,0.5269779144534527,0,0.0,0,0
